Designator,Mid X,Mid Y,Rotation,Layer
1/2V1,179.856776,-105.064518,0.0,top
3V1,179.856776,-102.524518,0.0,top
5V1,282.229276,-91.587018,0.0,top
A1,324.229276,-143.102018,0.0,bottom
C1,111.259276,-111.247018,0.0,top
C10,260.029276,-103.287018,270.0,top
C100,186.429276,-54.967018,90.0,top
C101,177.029276,-60.517018,180.0,top
C102,177.629276,-58.747018,180.0,top
C103,230.134276,-99.432017,90.0,top
C104,255.0,-124.0,0.0,top
C105,320.529276,-150.552018,0.0,top
C106,324.129276,-129.787018,0.0,top
C107,340.129276,-150.487018,90.0,top
C108,337.429276,-150.487018,90.0,top
C109,328.829276,-145.287018,270.0,top
C11,133.229276,-118.412018,90.0,top
C110,330.529276,-145.312018,270.0,top
C111,327.954276,-142.752018,180.0,top
C112,327.954276,-141.052018,180.0,top
C113,337.404276,-123.687018,0.0,top
C114,337.729276,-119.987018,90.0,top
C12,256.629276,-91.687018,0.0,top
C13,102.329276,-73.387018,180.0,top
C14,90.929276,-111.487018,0.0,top
C15,102.829276,-104.387018,180.0,top
C16,125.451599,-108.647018,90.0,top
C17,84.129276,-107.487018,0.0,top
C18,130.629276,-131.387018,0.0,top
C19,277.404276,-126.087018,0.0,top
C2,111.629276,-65.687018,180.0,top
C20,281.656776,-126.077018,0.0,top
C21,279.829276,-94.587018,270.0,top
C22,259.419276,-75.127018,180.0,top
C23,98.332199,-111.781166,90.0,top
C24,276.629276,-109.387018,270.0,top
C25,274.729276,-109.387018,90.0,top
C26,121.554276,-133.387018,180.0,top
C27,121.529276,-131.087018,0.0,top
C28,274.804276,-102.187018,180.0,top
C29,111.729276,-81.087018,180.0,top
C3,111.699276,-79.127018,180.0,top
C30,99.879276,-108.152018,90.0,top
C31,124.719276,-92.347018,180.0,top
C32,111.669276,-63.887018,180.0,top
C33,124.851599,-99.247018,0.0,top
C34,102.329276,-88.887018,180.0,top
C35,102.729276,-57.887018,180.0,top
C36,262.389276,-75.707018,90.0,top
C37,280.629276,-71.987018,180.0,top
C38,264.689276,-65.187018,270.0,top
C39,249.729276,-61.087018,90.0,top
C4,116.466922,-104.122018,270.0,top
C40,249.729276,-62.987018,270.0,top
C41,119.879276,-46.937018,90.0,top
C42,119.929276,-51.097018,90.0,top
C43,265.529276,-65.187018,270.0,top
C44,258.959276,-69.367018,270.0,top
C45,265.229276,-68.087018,270.0,top
C46,251.859276,-63.267018,180.0,top
C47,259.029276,-55.577018,90.0,top
C48,244.019276,-93.527018,180.0,top
C49,244.519276,-105.317018,180.0,top
C5,134.389276,-75.237018,270.0,top
C50,264.229276,-68.687018,270.0,top
C51,257.929276,-69.507018,270.0,top
C52,263.229276,-68.697018,270.0,top
C53,265.532609,-59.800518,0.0,top
C54,236.449276,-120.627018,270.0,top
C55,240.629276,-130.487018,0.0,top
C56,261.009276,-55.527018,90.0,top
C57,231.329276,-130.987018,180.0,top
C58,256.509276,-55.257018,90.0,top
C59,251.602609,-61.190518,180.0,top
C6,114.101599,-104.157018,270.0,top
C60,231.329276,-129.487018,180.0,top
C61,251.529276,-58.887018,180.0,top
C62,234.829276,-129.387018,0.0,top
C63,264.919276,-61.757018,90.0,top
C64,232.154276,-132.487018,0.0,top
C65,254.069276,-68.717018,270.0,top
C66,175.256776,-99.464518,0.0,top
C67,175.656776,-101.864518,0.0,top
C68,190.099276,-64.587018,270.0,top
C69,175.356776,-105.164518,0.0,top
C7,260.829276,-80.387018,180.0,top
C70,175.129276,-60.287018,90.0,top
C71,175.119276,-62.217018,270.0,top
C72,190.929276,-64.587018,270.0,top
C73,194.529276,-112.887018,180.0,top
C74,177.529276,-112.887018,180.0,top
C75,184.429276,-54.887018,90.0,top
C76,153.439276,-117.162018,270.0,top
C77,210.529276,-117.312018,90.0,top
C78,174.939276,-117.312018,270.0,top
C79,189.029276,-117.387018,90.0,top
C8,89.829276,-132.187018,180.0,top
C80,199.829276,-117.212018,270.0,top
C81,164.329276,-117.387018,90.0,top
C82,190.529276,-67.407018,270.0,top
C83,184.729276,-68.137018,270.0,top
C84,176.969276,-62.757018,180.0,top
C85,180.309276,-68.237018,270.0,top
C86,190.729276,-61.487018,0.0,top
C87,187.129276,-67.887018,180.0,top
C88,182.429276,-54.987018,90.0,top
C89,223.954276,-97.987018,0.0,top
C9,134.699276,-71.087018,270.0,top
C90,188.629276,-68.287018,270.0,top
C91,232.754276,-92.787018,270.0,top
C92,183.699276,-68.137018,270.0,top
C93,191.129276,-59.227018,0.0,top
C94,219.429276,-105.112018,90.0,top
C95,215.929276,-105.012018,90.0,top
C96,223.954276,-100.287018,180.0,top
C97,223.954276,-101.787018,180.0,top
C98,223.954276,-95.587018,180.0,top
C99,223.954276,-94.087018,180.0,top
D1,76.829276,-134.687018,270.0,top
D10,118.029276,-120.487018,180.0,top
D11,86.129276,-134.587018,270.0,top
D12,81.929276,-134.587018,270.0,top
D13,95.554276,-136.287018,180.0,top
D14,91.329276,-72.149518,270.0,top
D15,104.529276,-117.787018,270.0,top
D16,88.229276,-72.287018,90.0,top
D17,129.659276,-72.417018,180.0,top
D18,99.329276,-62.887018,180.0,top
D19,91.329276,-101.387018,270.0,top
D2,76.829276,-126.987018,270.0,top
D20,86.829276,-102.387018,90.0,top
D21,99.129276,-93.887018,180.0,top
D22,90.091776,-136.187018,180.0,top
D23,120.851599,-109.047018,0.0,top
D24,71.529276,-119.3,90.0,top
D25,71.5,-127.0,90.0,top
D26,71.5,-134.737018,90.0,top
D27,151.469276,-59.387018,270.0,top
D28,280.229276,-120.787018,0.0,top
D29,287.579276,-120.787018,0.0,top
D3,76.829276,-119.337018,270.0,top
D30,111.329276,-134.387018,0.0,top
D31,111.329276,-129.787018,180.0,top
D32,148.969276,-59.387018,270.0,top
D33,285.229276,-92.087018,0.0,top
D34,122.651599,-85.547018,0.0,top
D35,92.829276,-87.387018,270.0,top
D36,87.329276,-53.112018,90.0,top
D37,88.929276,-86.887018,90.0,top
D38,84.229276,-53.487018,270.0,top
D39,98.929276,-78.287018,180.0,top
D4,97.229276,-129.987018,0.0,top
D40,93.329276,-51.287018,270.0,top
D41,271.529276,-80.287018,180.0,top
D42,286.029276,-73.887018,180.0,top
D43,271.529276,-82.787018,180.0,top
D44,284.6,-66.0,0.0,top
D45,226.159276,-123.767018,90.0,top
D46,235.529276,-53.187018,180.0,top
D47,288.3,-58.1,0.0,top
D48,119.029276,-56.387018,180.0,top
D49,210.5375,-59.1,0.0,top
D5,97.229276,-125.287018,180.0,top
D50,134.2,-82.1,270.0,top
D6,97.229276,-120.587018,0.0,top
D7,256.169276,-106.217018,0.0,top
D8,117.991776,-117.587018,180.0,top
D9,256.149276,-108.757018,0.0,top
FB1,281.629276,-94.087018,90.0,top
FB2,280.729276,-73.887018,180.0,top
FB3,241.029276,-128.287018,180.0,top
FB5,178.056776,-100.264518,270.0,top
FL1,275.629276,-105.587018,180.0,top
FL2,125.429276,-131.887018,90.0,top
GND1,179.856776,-107.604518,0.0,top
GPIO1,271.029276,-71.307018,0.0,top
GPIO2,271.029276,-68.767018,0.0,top
GPIO3,271.029276,-66.227018,0.0,top
H10,309.829276,-149.187018,90.0,top
H11,309.829276,-89.987018,90.0,top
H12,309.829276,-74.387018,90.0,top
H13,309.829276,-109.587018,90.0,top
H14,346.329276,-50.941791,270.0,top
H15,319.329276,-50.941791,270.0,top
H5,332.729276,-116.587018,0.0,top
H6,349.129276,-116.587018,0.0,top
H7,316.529276,-116.587018,0.0,top
H8,309.829276,-59.187018,90.0,top
H9,309.829276,-130.587018,90.0,top
J1,88.914276,-151.187018,0.0,top
J11,305.279276,-66.667018,90.0,top
J14,234.229276,-150.234719,0.0,top
J17,181.33343,-145.695017,180.0,top
J19,305.274276,-51.567018,90.0,top
J2,73.879276,-150.287018,0.0,top
J20,272.329149,-151.587018,0.0,top
J23,350.991977,-143.88702,90.0,top
J4,300.711776,-109.787018,90.0,top
J5,117.629276,-148.569518,0.0,top
J6,65.516776,-82.497018,270.0,top
J9,305.379276,-81.787018,90.0,top
JP10,285.999276,-109.170646,0.0,top
JP11,289.329276,-111.668146,0.0,top
JP15,282.699276,-106.570646,0.0,top
JP25,83.899276,-62.077018,180.0,top
JP26,83.899276,-59.427018,180.0,top
JP36,277.129276,-112.387018,270.0,top
JP5,129.329276,-134.987018,180.0,top
JP6,289.329276,-104.049274,0.0,top
L1,260.929276,-86.087018,90.0,top
L2,86.329276,-123.787018,270.0,top
L3,132.302922,-105.766018,270.0,top
L4,267.029276,-65.207018,90.0,top
L5,245.029276,-99.487018,90.0,top
L6,192.421066,-64.587018,90.0,top
Q1,100.619276,-69.437018,90.0,top
Q2,100.719276,-100.437018,90.0,top
Q3,100.699276,-84.937018,90.0,top
Q4,100.499276,-53.937018,90.0,top
R1,254.029276,-103.987018,180.0,top
R10,106.829276,-100.787018,90.0,top
R100,198.229276,-117.212018,90.0,top
R101,162.729276,-117.387018,90.0,top
R102,152.629276,-122.987018,270.0,top
R103,209.729276,-123.212018,270.0,top
R104,174.029276,-123.087018,270.0,top
R105,188.329276,-123.287018,270.0,top
R106,199.029276,-123.112018,270.0,top
R107,163.529276,-123.187018,270.0,top
R108,152.629276,-127.687018,270.0,top
R109,209.729276,-128.012018,270.0,top
R11,91.929276,-74.987018,0.0,top
R110,174.029276,-127.724518,270.0,top
R111,188.329276,-127.924518,270.0,top
R112,199.029276,-127.812018,270.0,top
R113,163.529276,-127.887018,270.0,top
R114,152.629276,-132.387018,270.0,top
R115,209.729276,-132.712018,270.0,top
R116,174.029276,-132.424518,270.0,top
R117,188.329276,-132.587018,270.0,top
R118,199.029276,-132.512018,270.0,top
R119,163.529276,-132.587018,270.0,top
R12,106.029276,-98.487018,180.0,top
R120,152.629276,-137.187018,270.0,top
R121,209.729276,-137.312018,270.0,top
R122,174.029276,-137.162018,270.0,top
R123,188.329276,-137.224518,270.0,top
R124,199.029276,-137.212018,270.0,top
R125,163.529276,-137.287018,270.0,top
R126,187.119276,-68.967018,0.0,top
R127,192.899276,-61.687018,180.0,top
R128,192.889276,-62.667018,180.0,top
R129,181.439276,-68.267018,90.0,top
R13,260.629276,-115.687018,0.0,top
R130,182.579276,-68.267018,90.0,top
R131,208.844276,-66.7,180.0,top
R132,208.859276,-65.7,180.0,top
R133,200.454276,-45.287018,0.0,top
R134,193.029276,-52.887018,270.0,top
R135,190.879276,-56.577018,180.0,top
R136,227.154276,-95.387018,180.0,top
R137,230.354276,-95.387018,180.0,top
R138,298.769276,-53.047018,0.0,top
R139,298.679276,-49.797018,0.0,top
R14,260.429276,-112.387018,0.0,top
R140,114.729276,-55.987018,270.0,top
R141,111.459276,-59.777018,0.0,top
R142,228.504276,-99.442017,270.0,top
R143,210.5,-57.0,0.0,top
R144,111.429276,-61.447018,180.0,top
R145,266.4,-136.7,270.0,top
R146,254.4,-130.7,270.0,top
R148,329.304276,-134.322018,0.0,top
R149,329.304276,-132.722018,0.0,top
R15,129.529276,-70.427018,0.0,top
R150,330.454276,-141.927018,270.0,top
R16,90.829276,-104.387018,0.0,top
R17,90.029276,-134.287018,180.0,top
R18,101.532199,-111.781166,270.0,top
R19,99.929276,-111.787018,270.0,top
R2,114.629276,-117.587018,0.0,top
R20,260.239276,-72.767018,270.0,top
R21,258.639276,-72.762018,90.0,top
R22,282.386776,-124.187018,0.0,top
R23,284.961776,-126.097018,0.0,top
R24,98.209276,-108.137018,270.0,top
R25,101.529276,-108.162018,270.0,top
R26,125.251599,-100.947018,180.0,top
R27,123.341599,-100.947018,180.0,top
R28,151.599276,-62.857018,90.0,top
R29,149.099276,-62.857018,90.0,top
R3,253.929276,-110.937018,180.0,top
R30,277.929276,-102.587018,270.0,top
R31,274.029276,-112.387018,0.0,top
R32,125.429276,-135.087018,180.0,top
R33,288.729276,-92.087018,180.0,top
R34,106.729276,-85.487018,90.0,top
R35,126.004276,-85.487018,180.0,top
R36,106.729276,-54.387018,90.0,top
R37,105.929276,-83.087018,180.0,top
R38,105.929276,-51.987018,180.0,top
R39,92.459276,-89.967018,0.0,top
R4,114.629276,-120.387018,0.0,top
R40,87.329276,-49.712018,270.0,top
R41,265.539276,-74.067018,90.0,top
R42,264.009276,-75.617018,270.0,top
R43,285.726776,-124.187018,180.0,top
R44,287.976776,-126.087018,180.0,top
R45,275.429276,-77.287018,0.0,top
R46,116.149276,-46.837018,0.0,top
R47,116.034276,-48.897018,0.0,top
R48,275.454276,-82.887018,180.0,top
R49,275.454276,-80.387018,180.0,top
R5,106.629276,-69.962018,90.0,top
R50,275.429276,-85.587018,0.0,top
R51,130.619276,-47.337018,90.0,top
R52,130.609276,-50.837018,270.0,top
R53,251.629276,-62.287018,180.0,top
R54,266.709276,-67.667018,0.0,top
R55,221.429276,-53.287018,90.0,top
R56,219.529276,-53.287018,90.0,top
R57,233.329276,-111.087018,180.0,top
R6,95.454276,-134.387018,180.0,top
R66,234.529276,-112.587018,180.0,top
R68,263.719276,-70.107018,0.0,top
R69,229.879276,-124.317018,0.0,top
R7,106.029276,-67.587018,180.0,top
R70,267.519276,-61.587018,180.0,top
R71,267.529276,-62.587018,180.0,top
R72,229.869276,-122.677018,0.0,top
R73,236.629276,-124.687018,90.0,top
R74,265.539276,-58.667018,180.0,top
R76,272.584276,-59.182018,90.0,top
R77,114.629276,-88.087018,180.0,top
R78,228.729276,-121.087018,180.0,top
R79,298.629276,-67.887018,0.0,top
R8,261.129276,-119.187018,0.0,top
R80,298.629276,-64.887018,0.0,top
R81,114.529276,-72.887018,180.0,top
R82,114.829276,-81.087018,180.0,top
R83,114.729276,-65.687018,180.0,top
R84,232.229276,-133.987018,180.0,top
R85,235.804276,-49.487018,0.0,top
R87,178.029276,-103.612018,270.0,top
R88,177.999276,-106.722018,270.0,top
R89,188.729276,-99.687018,0.0,top
R9,261.029276,-122.587018,0.0,top
R90,188.729276,-98.087018,0.0,top
R92,177.329276,-61.787018,180.0,top
R93,191.569276,-67.427018,270.0,top
R94,175.629276,-83.787018,180.0,top
R95,161.429276,-70.087018,270.0,top
R96,151.829276,-117.162018,90.0,top
R97,208.929276,-117.312018,270.0,top
R98,173.379276,-117.312018,90.0,top
R99,187.429276,-117.387018,90.0,top
SW1,228.122609,-48.450518,270.0,top
SW2,221.332609,-48.490518,270.0,top
SW3,170.654276,-78.987018,270.0,top
SW4,163.864276,-79.027018,270.0,top
TH1,346.529276,-92.891791,180.0,top
TH2,346.529276,-102.391791,180.0,top
TH3,346.529276,-111.891791,180.0,top
TH4,319.229276,-92.791791,180.0,top
TH5,319.229276,-102.291791,180.0,top
TH6,319.329276,-111.891791,180.0,top
TR1,260.6,-132.2,180.0,top
TR2,343.339276,-125.257018,180.0,top
U1,111.729276,-84.587018,180.0,top
U10,127.629276,-123.987018,270.0,top
U11,111.729276,-69.187018,180.0,top
U12,124.929276,-46.967018,270.0,top
U13,124.929276,-51.132018,270.0,top
U14,258.769276,-62.190518,270.0,top
U15,244.749276,-117.287018,270.0,top
U16,232.789776,-117.560018,270.0,top
U17,233.549276,-125.397018,270.0,top
U18,189.629276,-113.087018,0.0,top
U19,172.729276,-113.187018,0.0,top
U2,140.099276,-72.287018,0.0,top
U20,184.195943,-61.587018,270.0,top
U21,229.154276,-90.787018,270.0,top
U22,218.304276,-97.352018,180.0,top
U23,323.729276,-133.387018,0.0,top
U24,322.454276,-144.452018,180.0,top
U3,121.610922,-104.266018,180.0,top
U4,268.649276,-93.794518,0.0,top
U5,267.244276,-106.084518,0.0,top
U6,267.054276,-116.422018,90.0,top
U7,267.054276,-112.987018,90.0,top
U8,267.029276,-119.854518,270.0,top
U9,267.029276,-123.284518,270.0,top
Y1,246.902609,-61.990518,180.0,top
Y2,172.329276,-61.387018,180.0,top
